actorId,actorName
0,Hubert Koundé
1,Til Schweiger
2,Christian Bale
3,Jon Voight
4,Jon Polito
5,Linda Hamilton
6,Gary Farmer
7,Regina Torné
8,O-Lan Jones
9,Emmanuelle Béart
10,Tina Bursill
11,Jack Thompson
12,Jean-Claude Van Damme
13,Predrag 'Miki' Manojlovic
14,Helen Buday
15,Richard Harris
16,Carlos López
17,Peter Sallis
18,Matt Salinger
19,Timothy Busfield
20,Bill Murray
21,Costas Mandylor
22,Campbell Scott
23,Paul Rhys
24,Rena Owen
25,Tina Majorino
26,J. Trevor Edmond
27,Sean Patrick Flanery
28,Art Clokey
29,Maggie Smith
30,Ryan O'Neal
31,Alok Chakravarty
32,Basil Rathbone
33,Edward Arnold
34,Stephen Lang
35,Drake Bell
36,Chris Tucker
37,Art Malik
38,Maria Riva
39,Mary Kay Bergman
40,Claudette Colbert
41,Sophia Loren
42,Chris Cooper
43,Elias Koteas
44,Fisher Stevens
45,Robert McLane
46,Ray Milland
47,Steven Seagal
48,Rustam Branaman
49,Bruce Greenwood
50,Penelope Ann Miller
51,Joe Morton
52,Dal McKennon
53,Mark Christopher Lawrence
54,Antonio Banderas
55,Elizabeth Taylor
56,Austin O'Brien
57,Julie Walters
58,Hal Scardino
59,Pat Morita
60,Kim Novak
61,Lisa Eichhorn
62,Craig Mack
63,Steve Buscemi
64,Richard Gere
65,Gottfried John
66,Alison Crosbie
67,Luc Thuillier
68,Peter MacNicol
69,Danny Kaye
70,Robert Duvall
71,Clark Johnson
72,Franco Scaldati
73,Brendan Corbalis
74,John Lynch
75,Martin Sheen
76,Helen Hayes
77,Benjamin Hendrickson
78,Matthew Broderick
79,Kris McQuade
80,Julia Stemberger
81,Jami Gertz
82,Rosie O'Donnell
83,Jennifer Lopez
84,Dan Zhao
85,Dennis Franz
86,Christopher Olscamp
87,Matt Craven
88,Don Johnson
89,Sean Penn
90,Melissa Leo
91,Tobias Arnold
92,Wilson Dunster
93,Jerzy Binczycki
94,Tom Hanks
95,Luisito Martí
96,Wendy Crewson
97,Andrew McCarthy
98,Lawrence David
99,Mia Kirshner
100,Jonathan Fuller
101,Tyrone Power
102,David Strathairn
103,Bruce McCulloch
104,Claudiu Bleont
105,Lai Wang
106,Piro Milkani
107,Nico
108,Tatsuya Fuji
109,Elizabeth Ashley
110,Jonathan Pryce
111,Rose McGowan
112,John Savage
113,Ann-Margret
114,Peter Coyote
115,Ad van Kempen
116,Diane Lane
117,Claudio Brook
118,Jing Ning
119,John Marley
120,Gabriel Byrne
121,Larenz Tate
122,Elizabeth Hurley
123,Jon Tenney
124,Juliette Mayniel
125,Marie Laforêt
126,Stacey Dash
127,Phoebe Brand
128,Michael O'Keefe
129,Lloyd Bridges
130,William Holden
131,Adam Sandler
132,Donna Reed
133,Libby Langdon
134,Jason James Richter
135,Tony Goldwyn
136,Rob Schneider
137,Linus Roache
138,Tilda Swinton
139,Sheena Easton
140,Renée Zellweger
141,Sandra Bernhard
142,Aoi Nakajima
143,Ming-Na Wen
144,The Lady Bunny
145,Marcello Mastroianni
146,Michael T. Weiss
147,Alberta Watson
148,Marianne Hagan
149,Carl Esmond
150,Kay Thompson
151,Ralph Fiennes
152,Jacob Tierney
153,Ray Liotta
154,Matt Frewer
155,Laurence Fishburne
156,Gang Wu
157,Akio Ôtsuka
158,Andrea Eckert
159,Viggo Mortensen
160,Mel Gibson
161,Brian Benben
162,Raymond Massey
163,Ruocheng Ying
164,Ralph Bellamy
165,Sandra Bullock
166,Julie Bowen
167,Kevin Spacey
168,Richard Greene
169,Joe Cortese
170,Teiji Takahashi
171,Gary Oldman
172,Helen Hunt
173,Tim Roth
174,Luisina Brando
175,George Kennedy
176,George Clooney
177,Karan Ashley
178,Jack Nicholson
179,John Sham
180,Morgan Fairchild
181,Laura Dern
182,Angie Everhart
183,Christopher Lloyd
184,Mary-Kate Olsen
185,Cindy Crawford
186,Jan Decleir
187,Elizabeth Peña
188,Anne Heche
189,Walter Pidgeon
190,Christopher Eccleston
191,Molly Ringwald
192,Sam Neill
193,Kathy Bates
194,Tupac Shakur
195,Anna Falchi
196,Eric Lloyd
197,Nancy Travis
198,Simon Callow
199,Champa
200,Billy Zane
201,Iain Robertson
202,Charles Crumb
203,Wolfgang Liebeneiner
204,Billy Blanks
205,Chris Grigg
206,Gabriel Olds
207,Robert Downey Jr.
208,Lars Hanson
209,Rusty Cundieff
210,Jingwu Ma
211,Walter Slezak
212,Jack Lemmon
213,Eleanor Bron
214,Jack Benny
215,Angeline Ball
216,Don McKellar
217,Dennis Quaid
218,Ice Cube
219,Kevin McDonald
220,Miranda Richardson
221,Jonathan Taylor Thomas
222,William Atherton
223,Leslie Mann
224,RaéVen Kelly
225,Jennifer MacDonald
226,Barbara Stanwyck
227,Kelly Rowan
228,Antje de Boeck
229,John Malkovich
230,David Caruso
231,Audie England
232,Michael Wincott
233,Fatemeh Azrah
234,Joe Torry
235,Geneviève Bujold
236,Heather Hogan
237,Kiefer Sutherland
238,Suzy Amis
239,Jessica Tandy
240,Cynthia Stevenson
241,Donald Sutherland
242,Brittany Ashton Holmes
243,Carol Kane
244,Lumi Cavazos
245,Michael Beach
246,Shaojun Tian
247,Guinevere Turner
248,Jesse Corti
249,Allen Payne
250,Emilio Estevez
251,Bridgette Wilson-Sampras
252,James Fleet
253,Sam Shepard
254,James Earl Jones
255,Mohsen Kafili
256,Carole Lombard
257,Helen Slater
258,Annie Corley
259,Van Johnson
260,Olga Tudorache
261,Brian Hooks
262,Joe Pantoliano
263,Leslie Nielsen
264,Bill Pullman
265,Jerry Adler
266,Cuauhtemoc Rivas
267,Kirstie Alley
268,Julie Warner
269,Gila Almagor
270,Kris Kristofferson
271,Brigitte Lin
272,Charles Rocket
273,Paul Lukas
274,Thora Hird
275,Colm Feore
276,Phil Harris
277,Peter Gallagher
278,Josiane Balasko
279,James Cromwell
280,Magaye Niang
281,Antoine Basler
282,Rosie Perez
283,Jesse Bradford
284,Mary Stuart Masterson
285,Vivica A. Fox
286,Stuart Wilson
287,Liam Cunningham
288,Jessie Royce Landis
289,Akira Takayama
290,Xander Berkeley
291,Tia Carrere
292,Harry Belafonte
293,Samir Guesmi
294,Angela Bassett
295,Maria Grazia Cucinotta
296,Ethan Hawke
297,Juana Barrios
298,Sigourney Weaver
299,Johan Widerberg
300,Massimo Troisi
301,Sylvester Stallone
302,Anne Baxter
303,Elena Sofia Ricci
304,Julie Harris
305,Ben Kingsley
306,Maureen O'Sullivan
307,Mathias Mégard
308,John Travolta
309,Jason Gedrick
310,Rochelle Davis
311,Edward Norton
312,Gene Hackman
313,Annette Bening
314,Tyrin Turner
315,Robin Wright
316,George Sanders
317,Sondos Belhassen
318,Charles Vanel
319,Wallace Wood
320,Chester Morris
321,Michel Bouquet
322,Deborah Collard
323,Jayne Brook
324,Joseph Mazzello
325,Blake Boyd
326,Angel Aviles
327,Jeremy Irons
328,Leslie Caron
329,Michael Ironside
330,Eddy Mitchell
331,Julianne Phillips
332,Thomas Gibson
333,Tony Leung Chiu-wai
334,Maggie Castle
335,Catherine O'Hara
336,Bob Gunton
337,Sammi Davis
338,Trace Beaulieu
339,Teri Hatcher
340,James Garner
341,Danny Cunningham
342,Clint Eastwood
343,Terence Stamp
344,Keir Dullea
345,George Cole
346,Craig Chester
347,Jared Harris
348,Brian Kerwin
349,John Polson
350,Michelle Pfeiffer
351,David Riva
352,Al Franken
353,Mustapha Adouani
354,Gigio Morra
355,Tim Bergmann
356,Malcolm McDowell
357,Robert Crumb
358,Ann O'Brien
359,Julie Delpy
360,Scott Bakula
361,Richard Dreyfuss
362,Lawrence Gilliard Jr.
363,Elizabeth Berkley
364,Sadie Frost
365,Susan Sarandon
366,Christopher McDonald
367,Tom Noonan
368,Raúl Carbonell
369,Yûki Kudô
370,Ben Becker
371,Maila Nurmi
372,Jonny Lee Miller
373,Alison Elliott
374,John Turturro
375,Avi Hoffman
376,Tina Aumont
377,Dylan Walsh
378,Joss Ackland
379,Gina Gershon
380,Timothy Hutton
381,Edward Herrmann
382,Robert Ryan
383,Lukas Haas
384,Caroline Barclay
385,Emil Chau
386,Richard Briers
387,Edward James Olmos
388,Joe Don Baker
389,Juan Muñiz
390,Scarlett Johansson
391,Kevin Bacon
392,Anne Bancroft
393,Jane March
394,Melody Kay
395,Damon Wayans
396,Takeshi Kaneshiro
397,Veronica Ferres
398,Isabella Rossellini
399,Josh Charles
400,Natalie Portman
401,Hugh O'Conor
402,Brian O'Halloran
403,Lori Petty
404,Abbas Khavaninzadeh
405,Wesley Snipes
406,Debra Winger
407,Pete Postlethwaite
408,Diedrich Bader
409,Susan Fleetwood
410,Theresa Randle
411,Leslie Cheung
412,Anne Vernon
413,Cameron Bancroft
414,Lily Tomlin
415,Shannen Doherty
416,Ned Beatty
417,Bug Hall
418,Martin Neufeld
419,Armin Mueller-Stahl
420,Om Puri
421,Bruce Willis
422,Nozha Khouadra
423,Judge Reinhold
424,Meg Tilly
425,Melanie Lynskey
426,Kate Nelligan
427,Christine Taylor
428,Madge Evans
429,Alexandra Paul
430,Sigrid Gurie
431,Bo White
432,John Mahoney
433,Gil Bellows
434,Robert Knott
435,Katya Ladan
436,Bozhao Wang
437,Walter Matthau
438,Seidy Lopez
439,Taylor Nichols
440,Dirk Benedict
441,Virginia Madsen
442,Mary Elizabeth Mastrantonio
443,Jude Law
444,Marc Anthony
445,Donald Pleasence
446,Barry Corbin
447,Lawrence Dane
448,Kris Bidenko
449,Sean Pertwee
450,Peter Outerbridge
451,Litefoot
452,Miranda Rhyne
453,Amanda Root
454,Salma Hayek
455,Willem Dafoe
456,Johnny Yong Bosch
457,William Powell
458,Michael Douglas
459,Nina Hoss
460,Peter Fonda
461,Nejia Ouerghi
462,Daniel Day-Lewis
463,Linda Darnell
464,Sam Waterston
465,Tom Hulce
466,Aaron Shields
467,Clive Owen
468,Madam Alex
469,Luís Miguel Cintra
470,Chad Stahelski
471,Mia Sara
472,Bokeem Woodbine
473,Dolores Costello
474,T. Wendy McMillan
475,Freddie Bartholomew
476,Sandie Lavelle
477,Jim Varney
478,Kelly Hunter
479,Rex Harrison
480,Anita Louise
481,Alejandra Podesta
482,Anita Mui
483,Dan Gunther
484,Joe Pesci
485,Temuera Morrison
486,Masatoshi Nagase
487,Raul Julia
488,Azzedine Alaïa
489,Steve Alden
490,Priscilla Presley
491,Dean Stockwell
492,Michael Rooker
493,Dean Norris
494,George Thrush
495,Silvia Morgan
496,Doug Bradley
497,Lee Nashold
498,Lloyd Adams
499,Gong Li
500,Ellen Burstyn
501,Magda Szubanski
502,George Stephanopoulos
503,Kên Higelin
504,Kelly Lynch
505,Le Van Loc
506,Michael Lerner
507,Jessica Lundy
508,Christian Clavier
509,Kevin Kline
510,Renato Carpentieri
511,Maggie Cheung
512,Joan Chen
513,Gary Kemp
514,Sergio Castellitto
515,Ion Caramitru
516,Christopher Lambert
517,Gloria Clokey
518,Adriana Caselotti
519,Pierre Arditi
520,Caroleen Feeney
521,Ruth Marshall
522,Robbie Lee
523,Lucille La Verne
524,Agnès Soral
525,Deborah Kara Unger
526,Gene Ross
527,Dearbhla Molloy
528,Yolanda Vazquez
529,Jim Carrey
530,Janusz Gajos
531,V.S. Brodie
532,Margaret Whitton
533,Victoria Foyt
534,Maurice Ronet
535,Lorraine Bracco
536,Laura San Giacomo
537,Sandra Oh
538,Chevy Chase
539,Powers Boothe
540,Anna Grace
541,Keenen Ivory Wayans
542,Ulrich Tukur
543,Wendell Corey
544,Fred Williamson
545,Ingrid Caven
546,James Dean
547,Billy Connolly
548,Elizabeth McGovern
549,Irene Dunne
550,Christy Turlington
551,Cybill Shepherd
552,You Ge
553,Frank Langella
554,Rock Hudson
555,Fanny Ardant
556,Charles Ruggles
557,James Stewart
558,Sean Nelson
559,Peter Ketnath
560,Anton Rattinger
561,Matt Dillon
562,George Gaynes
563,Bob Hoskins
564,Clark Gable
565,Henry Czerny
566,Leslie Phillips
567,Whittni Wright
568,Pang Eun-jin
569,Rory Cochrane
570,Alicia Silverstone
571,Leon
572,Valentina Vargas
573,Lillian Gish
574,Sally Field
575,Ian McNeice
576,Greta Scacchi
577,John Cusack
578,Tiziana Lodato
579,Julianne Moore
580,Luke Wilson
581,Fredro Starr
582,Vittorio Mezzogiorno
583,Michel Piccoli
584,Yancy Butler
585,Dennis Hopper
586,Federico Luppi
587,Thomas Mitchell
588,Thomas Ian Nicholas
589,Charles Durning
590,Vincent D'Onofrio
591,Myrna Loy
592,Soumitra Chatterjee
593,Héctor Alterio
594,Sarah Jessica Parker
595,Jeff Anderson
596,Christine Cavanaugh
597,Michael Keaton
598,Emmanuelle Seigner
599,Charles Gitonga Maina
600,Ellen Greene
601,Joe Flaherty
602,Géraldine Pailhas
603,William Baldwin
604,Jeroen Krabbé
605,Tommy Lee Jones
606,Tom McGowan
607,Jim Brown
608,Nanni Moretti
609,Henry B. Walthall
610,Danny Nucci
611,Delroy Lindo
612,Alan Rickman
613,Nastassja Kinski
614,Michael York
615,Amy Brenneman
616,Jacob Vargas
617,Gene Tierney
618,Dorothy Comingore
619,Elizabeth Perkins
620,Giancarlo Esposito
621,Andy Garcia
622,Wallace Shawn
623,Eric Bryson
624,Kate Capshaw
625,Murvyn Vye
626,Dominique Horwitz
627,Robert John Burke
628,Arnold Steinhardt
629,Julian Sands
630,Sihung Lung
631,William Petersen
632,Gregory Smith
633,Madonna
634,Alessandra Martines
635,Janeane Garofalo
636,William H. Macy
637,Michael J. Fox
638,Eric Barreto
639,Leopold Kozlowski
640,Chris Elliott
641,Monica Gayle
642,Barbara Gonzalez
643,William Gates
644,Ewan McGregor
645,Lionel Barrymore
646,Marika Lagercrantz
647,Rachel Weisz
648,Wang Yu-wen
649,Françoise Yip
650,Crispin Glover
651,Lena Stolze
652,Stockard Channing
653,Pam Grier
654,Mary Steenburgen
655,Bruce Ramsay
656,Paul Muni
657,David Arquette
658,John Leguizamo
659,Franco Nero
660,Charles Dance
661,Charlotte Eve Blythe
662,Charlie Talbert
663,Mirjana Jokovic
664,Robert Wuhl
665,Jim Belushi
666,Philippe Ambrosini
667,Sheila Burrell
668,Joseph Nikiema
669,Paul Austin
670,Jeff Bridges
671,Stephen Mendillo
672,Melanie Griffith
673,Jermaine Hopkins
674,Amy Braverman
675,Xingli Niu
676,Matthew Modine
677,Udo Samel
678,Greta Garbo
679,Candace Hutson
680,Ben Mendelsohn
681,Tom Conti
682,Marlon Wayans
683,Eileen Atkins
684,Nu Yên-Khê Tran
685,Ted Levine
686,Uma Thurman
687,Ritch Brinkley
688,Michel Boujenah
689,Nino Castelnuovo
690,Nick Stahl
691,Gary Sinise
692,Juliette Lewis
693,Haing S. Ngor
694,Heather Langenkamp
695,Guillermo Diaz
696,Patrick Malahide
697,Richard Attenborough
698,Humphrey Bogart
699,Edward Burns
700,Maria Conchita Alonso
701,Alain Delon
702,Mark Rylance
703,Martin Raymond
704,Jessica Harper
705,Mary-Louise Parker
706,Verónica Forqué
707,Zack Duhame
708,Magda Schneider
709,Isa Baschwitz
710,Christiane Hörbiger
711,Aaron Schwartz
712,Courtney Chase
713,Pauline Collins
714,Harvey Keitel
715,Albert Finney
716,Juliette Binoche
717,Michael Stock
718,Florence Darel
719,Crissy Rock
720,Docs Keepin Time
721,Emma Thompson
722,Jennifer Aniston
723,Michael Boatman
724,Erik Goertz
725,Tom Berenger
726,Scott Weinger
727,Jay O. Sanders
728,James Remar
729,William McNamara
730,Scott Glenn
731,Tim Daly
732,Javier Bardem
733,Stefan Glowacz
734,Samuel Fuller
735,Michel Serrault
736,Terry Kinney
737,Paul Marco
738,Ina Claire
739,Meg Ryan
740,Liam Neeson
741,Saul Stein
742,Parker Posey
743,Christina Ricci
744,Joachim Król
745,Roberta Maxwell
746,Peter Jacobson
747,Tom Bell
748,Isabelle Adjani
749,Rainer Werner Fassbinder
750,Christopher Reid
751,Eric Stoltz
752,Everett McGill
753,Elina Löwensohn
754,Richard Carlson
755,Lydie Denier
756,François Hadji-Lazaro
757,Marlene Dietrich
758,Ewen Bremner
759,August Zirner
760,Curt Gareth
761,Russell Crowe
762,Annemarie Düringer
763,Christina Veronica
764,Nancy Allen
765,Julie Mauduech
766,Dolores Fuller
767,Danny Aiello
768,Heather Medway
769,Robin Williams
770,Ben Stiller
771,Robert Carlyle
772,Nick Nolte
773,Gabriel Casseus
774,David Schwimmer
775,Ghalya Lacroix
776,Paul Hogan
777,Roddy Piper
778,Michelle Yeoh
779,Katharine Hepburn
780,Bam Bam Bigelow
781,Gérard Desarthe
782,Patricia Arquette
783,Jean-Paul Belmondo
784,Faye Dunaway
785,Jennifer Beals
786,Mae Whitman
787,Rupert Everett
788,Maquisard Alfonso
789,Victor Ertmanis
790,Jada Pinkett Smith
791,William Sylvester
792,Stephen Baldwin
793,Annabella Sciorra
794,Paige O'Hara
795,Michael Imperioli
796,John Candy
797,Jennifer Rubin
798,Rigg Kennedy
799,Drew Barrymore
800,Matthew McConaughey
801,Giorgio Armani
802,Kimberly Williams-Paisley
803,Piper Laurie
804,Katrin Cartlidge
805,Steven Waddington
806,Mark Anthony
807,Mario Machado
808,Tom Wilkinson
809,Nick Upton
810,Mario Van Peebles
811,Olivia d'Abo
812,Frances McDormand
813,Siqin Gaowa
814,Keith Carradine
815,Cyd Charisse
816,Sami Bouajila
817,Keith Allen
818,Dan Aykroyd
819,Jeffrey Force
820,Christopher Bowen
821,Mick Lally
822,Sinbad
823,Pamela Adlon
824,Dana Vávrová
825,Rabiah Ben-Abdullah
826,Kevin Costner
827,Jackie Chan
828,Yinyan Wu
829,Geraldine O'Rawe
830,Billy Crystal
831,Jon Favreau
832,Colin Friels
833,Lillo Brancato
834,Mike Myers
835,Errol Flynn
836,Joachim Serreau
837,Richy Müller
838,Paul Calderon
839,Marita Marschall
840,Romane Bohringer
841,Bibi Krubwa
842,Sophie Marceau
843,David Edwards
844,Fred MacMurray
845,Colm Meaney
846,Hilary Swank
847,Aleksa Palladino
848,James Cagney
849,Brad Pitt
850,Chelsea Field
851,Ollie Johnston
852,Queen Latifah
853,Spencer Tracy
854,Gregory Hines
855,Joan Plowright
856,Nathalie Baye
857,Chen Chao-jung
858,Robert Klein
859,Barbara Crampton
860,John McDonough
861,Dieter Wardetzky
862,Rene Russo
863,Kinuyo Tanaka
864,Selim Boughedir
865,Patricia Royce
866,Quentin Crisp
867,Oliver Milburn
868,Hiep Thi Le
869,Mathilda May
870,Minnie Driver
871,Kenneth Branagh
872,Greg Kinnear
873,Sean Bean
874,Nick Broomfield
875,Val Kilmer
876,Xiaorui Zhao
877,Rongguang Yu
878,Geena Davis
879,Patrick Goyette
880,Saïd Taghmaoui
881,Jerry O'Connell
882,Steve Martin
883,Gaël Morel
884,David Thewlis
885,Christopher Martin
886,Cary Grant
887,Stephen Dillane
888,Papa Wemba
889,Nathan Lane
890,Joyce Phillips
891,Gary Cooper
892,Jack Black
893,Leslie Hope
894,Darren McGavin
895,Julia Roberts
896,Peter Greene
897,Kanu Bannerjee
898,Anna Thomson
899,Judi Dench
900,Mel Harris
901,Valeria Golino
902,Leslie Howard
903,Robert Stack
904,Frank Passingham
905,Claude Rains
906,Sean Astin
907,Gene Kelly
908,Mary McDonnell
909,Isaiah Washington
910,Scott Caan
911,Christian Rub
912,Graham Greene
913,Nic Ratner
914,Mike Barbour
915,Robby Benson
916,Hind Sabri
917,Eddie Murphy
918,Raymond J. Barry
919,James Spader
920,Mary Astor
921,Kerry Fox
922,Jean-Hugues Anglade
923,Binnie Barnes
924,Polly Draper
925,Xiaoxiao Wang
926,Ross Malinger
927,Christina Vidal
928,Kate Winslet
929,Madeleine Stowe
930,Blythe Danner
931,John Hannah
932,Bridget Fonda
933,Lothaire Bluteau
934,Kristy Swanson
935,James Cosmo
936,Leo Carrillo
937,Henry Jaglom
938,Rick Aviles
939,Marco Hofschneider
940,James Andronica
941,John C. Reilly
942,Tony Todd
943,Samantha Mathis
944,Jennifer Taylor
945,C. Aubrey Smith
946,Stefano Dionisi
947,Marthe Villalonga
948,Mimi Rogers
949,Simone Signoret
950,Kirsten Dunst
951,Ellen Barkin
952,Sherilyn Fenn
953,Ariane Schluter
954,Dana Andrews
955,Aleksandr Kaydanovskiy
956,Paul Newman
957,Bonnie Hunt
958,Baotian Li
959,Sylvia Roemer
960,Alice Krige
961,Anne Archer
962,Frances Dee
963,Isa Danieli
964,William Sanderson
965,Paolo Villaggio
966,Reese Witherspoon
967,Woody Allen
968,Phil Hartman
969,Josep Maria Flotats
970,Alida Valli
971,Rosalind Russell
972,Erich Anderson
973,Roger Rees
974,Rachael Crawford
975,Naomi Watts
976,Wendell Holmes
977,Pawan Malhotra
978,Valerie Mahaffey
979,Al Pacino
980,Phylicia Rashad
981,Rafal Synówka
982,Robin Givens
983,Carmen Maura
984,Anjelica Huston
985,Shawn Wayans
986,George C. Scott
987,Joaquin Phoenix
988,J.T. Walsh
989,William Hurt
990,Mel Brooks
991,Natasha Richardson
992,Albert Brooks
993,Fairuza Balk
994,Ned Dowd
995,Jerry Barone
996,Peter Riegert
997,Ulrich Mühe
998,Brian Cox
999,Helena Solberg
1000,André Eisermann
1001,Stellan Skarsgård
1002,Peter Dobson
1003,Kevin Michael Richardson
1004,Audrey Hepburn
1005,Cynthia Rothrock
1006,James Carville
1007,Arthur Agee
1008,Spike Lee
1009,Corbin Bernsen
1010,Eiko Matsuda
1011,Tim Curry
1012,Felicitas Grimm-Luck
1013,Norma Shearer
1014,Lisa Dean Ryan
1015,James Rebhorn
1016,Nicollette Sheridan
1017,Cher
1018,Rosemary Harris
1019,Burl Ives
1020,Herb Caen
1021,Tim Allen
1022,Michael Richards
1023,Danny Elfman
1024,Lena Headey
1025,Mel Blanc
1026,Oleg Menshikov
1027,Lou Diamond Phillips
1028,Ralph Waite
1029,Jean Arthur
1030,Sab Shimono
1031,Subir Banerjee
1032,Vincent Cassel
1033,Chris Eigeman
1034,Trini Alvarado
1035,Cuba Gooding Jr.
1036,Jonathan Banks
1037,Isaac Stern
1038,Iris Berben
1039,Nicholas Turturro
1040,Eric Roberts
1041,Joaquim de Almeida
1042,Bill Hunter
1043,Craig Sheffer
1044,James Woods
1045,Jason Scott Lee
1046,Sabine Azéma
1047,Christopher Plummer
1048,Lena Olin
1049,Pamela Blair
1050,Macaulay Culkin
1051,Mia Farrow
1052,Richard Romanus
1053,Linda Hunt
1054,Billy West
1055,Nicolas Cage
1056,Carlo Cecchi
1057,Jf Davis
1058,Cynda Williams
1059,Katja Riemann
1060,Gwyneth Paltrow
1061,Jeffrey Combs
1062,Glenn Close
1063,Francis Capra
1064,Esai Morales
1065,Kristin Scott Thomas
1066,Joanna Lumley
1067,Haley Joel Osment
1068,Karen Sillas
1069,Cary-Hiroyuki Tagawa
1070,Robin Tunney
1071,Sarah Peirse
1072,Tom Cruise
1073,Catherine Keener
1074,Eva Gabor
1075,Jacqueline McKenzie
1076,Ted Danson
1077,Matthew Lillard
1078,Daolin Sun
1079,Kyra Sedgwick
1080,Justin Fletcher
1081,Wenli Jiang
1082,Johnny Morina
1083,Pauly Shore
1084,Tom Guiry
1085,Joseph Cotten
1086,Tom Arnold
1087,Shirley Temple
1088,Cameron Diaz
1089,Debbie Reynolds
1090,Andie MacDowell
1091,Robin Shou
1092,Ronnie Davis
1093,Jeremy London
1094,Julia Ormond
1095,Jodie Foster
1096,Tony Shalhoub
1097,Lynn Whitfield
1098,Regina King
1099,Bette Davis
1100,Stefania Sandrelli
1101,Marisa Tomei
1102,Zbigniew Zamachowski
1103,Aida Mohammadkhani
1104,James Gammon
1105,Michael Chekhov
1106,Jason Alexander
1107,Jean Sorel
1108,Joey Travolta
1109,Christine Lahti
1110,Dianne Wiest
1111,Diane Keaton
1112,Mira Sorvino
1113,Liesel Matthews
1114,Afrika Bambaataa
1115,George Tabori
1116,Michael Gunther
1117,Evelyn Daw
1118,Madeline Kahn
1119,Mark Wahlberg
1120,Martin Donovan
1121,Hedy Lamarr
1122,Jean Reno
1123,Sean Connery
1124,Amanda Plummer
1125,Anne Reid
1126,Pascale Bussières
1127,Jennifer Saunders
1128,Martin Short
1129,Tara Fitzgerald
1130,Lindsay Crouse
1131,Marilyn Monroe
1132,Rubén Blades
1133,Jeff Goldblum
1134,Chris O'Donnell
1135,Jessica Hamilton
1136,Noah Emmerich
1137,Antony Sher
1138,Lara Flynn Boyle
1139,Janet Jackson
1140,Peter O'Toole
1141,Keith David
1142,Ingeborga Dapkunaite
1143,Aidan Quinn
1144,Arnold Schwarzenegger
1145,Valérie Lemercier
1146,Hetta Charnley
1147,Kim Cattrall
1148,Sela Ward
1149,Ingrid Bergman
1150,Daryl Hannah
1151,Lauren Holly
1152,Myriam Niang
1153,Mark Hosler
1154,Gregory Harrison
1155,Orson Welles
1156,Meret Becker
1157,Anthony Higgins
1158,Al Freeman Jr.
1159,Wendy Hughes
1160,Brenda Fricker
1161,Christoph M. Ohrt
1162,Rick Moranis
1163,Georgina Cates
1164,Carma Hinton
1165,Vivien Leigh
1166,Richard Norton
1167,Andy Dick
1168,John Matshikiza
1169,Suzzanne Douglas
1170,Robert Englund
1171,Jon Robin Baitz
1172,Duane Martin
1173,Darlanne Fluegel
1174,Chung-Hua Tou
1175,Brad Renfro
1176,James Gandolfini
1177,Leon Schuster
1178,Dominique Sanda
1179,Anica Dobra
1180,Félicie Pasotti
1181,Olivia de Havilland
1182,Alice Brady
1183,Ian McKellen
1184,Denzel Washington
1185,Steven Weber
1186,Rick Johnson
1187,Patrick Bauchau
1188,Lisa Thornhill
1189,Richard E. Grant
1190,Lorraine Devon Wilke
1191,Christian Päffgen
1192,Daniel Pollock
1193,Dennis Goldson
1194,Lesley Sharp
1195,David Morse
1196,Jeremy Clyde
1197,Jean Yanne
1198,Lloyd Dunn
1199,Lane Smith
1200,Charles Boyer
1201,Daniel McVicar
1202,Christian Slater
1203,Anthony LaPaglia
1204,Forest Whitaker
1205,Johnathon Schaech
1206,Maurice Chevalier
1207,Luke Perry
1208,Assumpta Serna
1209,Julian Fellowes
1210,Elijah Wood
1211,Isabelle Huppert
1212,Kang-sheng Lee
1213,Morgan Freeman
1214,Meryl Streep
1215,Polly Walker
1216,Jane Curtin
1217,Maggie Cogan
1218,Linden Ashby
1219,Alfre Woodard
1220,John Hurt
1221,James Hong
1222,Donald O'Connor
1223,Nia Long
1224,Marilyn Ghigliotti
1225,María Casares
1226,Mary Kay Place
1227,Alan Alda
1228,Tomas von Brömssen
1229,Michael J. Nelson
1230,Eddie Griffin
1231,Joseph Gordon-Levitt
1232,Martin Umbach
1233,Sterling Hayden
1234,Lisa Boyle
1235,June Kyoto Lu
1236,Christopher Walken
1237,Behzad Khodaveisi
1238,Ice-T
1239,Patrick McGoohan
1240,Ian Hart
1241,Jamie Lee Curtis
1242,Lou Reed
1243,John Goodman
1244,Brandon Lee
1245,Sean Young
1246,Natasha Henstridge
1247,Clarence Williams III
1248,Saskia Reeves
1249,Antonio Neiwiller
1250,Rob Morrow
1251,Yi Ding
1252,Vusi Kunene
1253,John Lone
1254,Georges Marchal
1255,Jason Priestley
1256,Thierry Lhermitte
1257,Jeff Daniels
1258,Vanessa Williams
1259,Bruce Dern
1260,Roy Dupuis
1261,Mare Winningham
1262,Patsy Kensit
1263,Gladys George
1264,Vincent Kartheiser
1265,Emma Gates
1266,Basia Frydman
1267,Stephen Chang
1268,Danny DeVito
1269,Marlon Brando
1270,Sheryl Lee
1271,Barbara Bates
1272,Armand Assante
1273,Eric Thal
1274,Charles Laughton
1275,Shaquille O'Neal
1276,Kyle MacLachlan
1277,Viktor Mikhailov
1278,Ludwig Briand
1279,Alex Del Rosario
1280,Farrah Fawcett
1281,Burt Reynolds
1282,John Clarke
1283,Dickie Jones
1284,Maya Lin
1285,Matt McCoy
1286,Matt LeBlanc
1287,Whoopi Goldberg
1288,Keanu Reeves
1289,Peter Weller
1290,Frances Fisher
1291,Heydon Prowse
1292,Patrick Timsit
1293,Sterling Holloway
1294,Clara Bellar
1295,Melvyn Douglas
1296,Jorge Perugorría
1297,Erika Eleniak
1298,Isaac Mizrahi
1299,Michael Rapaport
1300,Brittany Murphy
1301,Joe McFadden
1302,Iemasa Kayumi
1303,Treat Williams
1304,Paul Gleason
1305,Jean-Louis Millette
1306,Eric Bogosian
1307,Jennifer Nitsch
1308,Chu-Ryun Kim
1309,Brigitte Bardot
1310,Marzena Trybala
1311,Billy Campbell
1312,Hwang Sin-hye
1313,Hugo Weaving
1314,Martin Lawrence
1315,Kanin Howell
1316,Phoebe Cates
1317,James Caan
1318,Maurizio Nichetti
1319,Moira Kelly
1320,Miles Davis
1321,Jean-Louis Trintignant
1322,Philippe Noiret
1323,Thomas J. Cahill
1324,Tony Curtis
1325,Scott McAfee
1326,Chris Sarandon
1327,Chad McQueen
1328,Gérard Depardieu
1329,Fabrice Luchini
1330,Claudette Carracedo
1331,Imogen Stubbs
1332,Samuel L. Jackson
1333,Heather Graham
1334,Michele Placido
1335,Marco Leonardi
1336,Woody Harrelson
1337,Alec Baldwin
1338,Michelle Forbes
1339,Jane Fonda
1340,Sue Price
1341,Zoe Carides
1342,Talia Shire
1343,Mark Linn-Baker
1344,Max Cullen
1345,Kevin Dillon
1346,Beverly D'Angelo
1347,Cynthia Adler
1348,Peter Reznick
1349,Gary Lockwood
1350,Martha Plimpton
1351,Dennis Farina
1352,Jaye Davidson
1353,Brendan Fraser
1354,Maurice Dean Wint
1355,Amanda Sandrelli
1356,Hugh Grant
1357,James Andrews
1358,Samuel Gould
1359,Juliano Mer-Khamis
1360,Steve Guttenberg
1361,Holly Hunter
1362,Gary Busey
1363,Julie Carmen
1364,Christopher Reeve
1365,Tom Sizemore
1366,Jesper Salén
1367,Vladimir Cruz
1368,Lance Henriksen
1369,Victoria Smurfit
1370,Dermot Mulroney
1371,Kadeem Hardison
1372,Dom DeLuise
1373,Katina Commings
1374,Roseanne Barr
1375,Yûko Mochizuki
1376,Stacy Keach
1377,Josh Hamilton
1378,Charlotte Gainsbourg
1379,Landu Nzunzimbu Matshia
1380,Steffen Schroeder
1381,Sharmila Tagore
1382,Thora Birch
1383,David Patrick Kelly
1384,Deborah Amos
1385,Kim Basinger
1386,Alain Chabat
1387,Thokozani Nkosi
1388,Kathy Jamieson
1389,Caridad Ravelo
1390,Tushka Bergen
1391,Aitana Sánchez-Gijón
1392,Mirta Ibarra
1393,Julie Hagerty
1394,Neve Campbell
1395,Eric da Silva
1396,John Lithgow
1397,James Frain
1398,Jack Palance
1399,Fereshteh Sadre Orafaiy
1400,Stanley Tucci
1401,Mary Beth Aylesworth
1402,Ron Silver
1403,Mathieu Kassovitz
1404,U Aung Ko
1405,Tim Matheson
1406,Guy Pearce
1407,Luke Edwards
1408,Dave Foley
1409,Sonia Braga
1410,Edward Everett Horton
1411,Halle Berry
1412,Craig Fairbrass
1413,Jennifer Tilly
1414,Louis Jourdan
1415,Clifton Webb
1416,Bernard Hill
1417,Arturo Cámara
1418,Jason Lee
1419,Jeanne Moreau
1420,Larry B. Scott
1421,William Shatner
1422,Marilyn Sokol
1423,Tim Robbins
1424,Robert Sean Leonard
1425,Robert De Niro
1426,Louise Smith
1427,Barry Otto
1428,Nikita Mikhalkov
1429,Tony Robinow
1430,Jennifer Grey
1431,Steven Berkoff
1432,Patricia Clarkson
1433,James Brolin
1434,Kaipu Cohen
1435,Fengyi Zhang
1436,Nathan Yapp
1437,Aline Kominsky-Crumb
1438,Anna Chlumsky
1439,Peter Sellers
1440,Jürgen Prochnow
1441,Gena Rowlands
1442,Linda Larkin
1443,Élodie Bouchez
1444,Ginger Rogers
1445,Ciarán Hinds
1446,Juliet Landau
1447,Mara Wilson
1448,Harry Stockwell
1449,Barbara Bel Geddes
1450,Mohan Agashe
1451,Dr. Dre
1452,Demi Moore
1453,Rhea Perlman
1454,Shar-Ron Corley
1455,Paul Rudd
1456,Elisabeth Shue
1457,Lili Taylor
1458,Gregory Peck
1459,Carla Gugino
1460,Ernest Borgnine
1461,Eileen Colgan
1462,Karl Hardman
1463,Paul Henreid
1464,Joan Crawford
1465,Stephen Dorff
1466,Alyssa Milano
1467,Sissy Spacek
1468,Frédérique Feder
1469,Kathy Larson
1470,Vincent Perez
1471,Clive Russell
1472,Patricia Neal
1473,Gary Cole
1474,William Sadler
1475,Bill Nunn
1476,Gabrielle Anwar
1477,Ed Harris
1478,Jim Broadbent
1479,Joan Bennett
1480,Mamaengaroa Kerr-Bell
1481,Michael Gambon
1482,Richard Brooks
1483,Duane Jones
1484,Frank Whaley
1485,Cathy Moriarty
1486,Frank Thomas
1487,Cyril Collard
1488,Patrick Stewart
1489,Pierre Brasseur
1490,Anthony Quinn
1491,Kate Beckinsale
1492,Omar Epps
1493,Christoph Colomb
1494,Anne Parillaud
1495,Edward Stanley
1496,Kim Greist
1497,Martin Landau
1498,Sergey Dreyden
1499,Lazar Ristovski
1500,Jeremy Northam
1501,Michelle Trachtenberg
1502,Kuei-Mei Yang
1503,Kurt Russell
1504,Eddie Bowz
1505,Lynn Carlin
1506,Karuna Bannerjee
1507,Frederick Weller
1508,Steven Duffy
1509,Rose Gregorio
1510,Adam Ant
1511,Nicole Kidman
1512,Art Carney
1513,Dolph Lundgren
1514,Paul Terry
1515,Anthony Hopkins
1516,Saul Rubinek
1517,Catherine Deneuve
1518,Dennis Haysbert
1519,Walter Connolly
1520,Michael Madsen
1521,John Larroquette
1522,Harrison Ford
1523,James Duval
1524,Nick Baldasare
1525,Khaled Ksouri
1526,Victoria Abril
1527,Daniel Bernhardt
1528,Heather Beckel
1529,David Paymer
1530,Kevin J. O'Connor
1531,Atsuko Tanaka
1532,Grace Kelly
1533,Marcia Gay Harden
1534,Billy Bob Thornton
1535,Jochen Nickel
1536,Kathleen Turner
1537,Dustin Hoffman
1538,Dylan McDermott
1539,Nelly Alard
1540,Youssef Abed-Alnour
1541,Sharon Stone
1542,Vladimir Vega
1543,Dana Delany
1544,Derek Keurvorst
1545,Anthony DeSando
1546,Stéphane Audran
1547,Judith O'Dea
1548,John Haycraft
1549,Patrick Bergin
1550,Judy Davis
1551,Shirley MacLaine
1552,Megan Ward
1553,Daniel Stern
1554,Ann Turkel
1555,Ricki Lake
1556,Embeth Davidtz
1557,Michael Maloney
1558,Serge Yanogo
1559,Jared Leto
1560,Rutger Hauer
1561,Jim Jarmusch
1562,Ryan Slater
1563,Caroline Goodall
1564,John Plumpis
1565,Tina Cote
1566,Roberta Guaspari
1567,Robert Redford
1568,Travis Tedford
1569,Ally Walker
1570,Randy Quaid
1571,Owen Wilson
1572,Jeremy Davies
1573,Patrick Swayze
1574,Charlie Sheen
1575,Omar Townsend
1576,Ron Perlman
1577,Will Smith
1578,Laura Linney
1579,Thomas Kretschmann
1580,William Frawley
1581,Kelsey Grammer
1582,Antoine Pialat
1583,Edward Furlong
1584,Cary Elwes
1585,Brad Sullivan
1586,Jessica Lange
1587,Arie Verveen
1588,Elsa Zylberstein
1589,Denis Leary
1590,Donna Frotscher
1591,Bruklin Harris
1592,Jeni Courtney
1593,Tôru Nakamura
1594,Richard Lewis
1595,Danny Glover
1596,Kate Burton
1597,Marya Cohn
1598,Olivier Martinez
1599,Susie Bright
1600,Liv Tyler
1601,Joe Mantegna
1602,Margaret Cho
1603,Gandong Cervantes
1604,Jim Mallon
1605,Bill Paxton
1606,Joanne Nail
1607,Rosine Yanogo
1608,Emma Coles
1609,Adolphe Menjou
1610,Anna Paquin
1611,Corinna Harfouch
1612,Helena Bonham Carter
1613,Irène Jacob
1614,Chazz Palminteri
1615,Courteney Cox
1616,F. Murray Abraham
1617,Jimmy Smits
1618,John Ashton
1619,Brock Pierce
1620,Fred Astaire
1621,Steve Cardenas
1622,Don Rickles
1623,Daniel Auteuil
1624,Beulah Bondi
1625,Kate Maberly
1626,Winona Ryder
1627,Robert Peterson
1628,Jennifer Connelly
1629,Paul Reiser
1630,Shelley Long
1631,Will Patton
1632,Matt Keeslar
1633,Akim Tamiroff
1634,Ben Niu
1635,Dina Meyer
1636,George Peppard
1637,Bruce Davison
1638,Oscar Levant
1639,Carin C. Tietze
1640,Viveca Lindfors
1641,Toni Collette
1642,Jeanne Tripplehorn
1643,Gemma Jones
1644,Stéphane Rideau
1645,Leonardo DiCaprio
1646,Johnny Depp
1647,Aeryk Egan
1648,Nina Xining Zuo
1649,Jennifer Jason Leigh
1650,Rebecca De Mornay
1651,Dennis Miller
1652,JD Souther
1653,James Russo
1654,Robert Morley
1655,Enrico Lo Verso
1656,Warren Beatty
1657,Claudia Kaleem
